{"cameraMode":{"drawMode":0,"name":"Shaded","section":"Shading Mode"},"sceneLighting":true,"audioPlay":false,"sceneViewState":{"m_AlwaysRefresh":false,"showFog":true,"showSkybox":true,"showFlares":true,"showImageEffects":true,"showParticleSystems":true,"showVisualEffectGraphs":true,"m_FxEnabled":true},"in2DMode":false,"pivot":{"x":240.81585693359376,"y":91.48675537109375,"z":554.2005615234375},"rotation":{"x":-0.09593567997217179,"y":-0.06803266704082489,"z":0.006572532467544079,"w":-0.9930429458618164},"size":551.5648803710938,"orthographic":false}